Krzysztof Woźniak,krzysztof.woźniak873@example.com
Piotr Jankowski,piotr.jankowski770@example.com
Agnieszka Nowak,agnieszka.nowak562@example.com
Anna Kwiatkowski,anna.kwiatkowski534@example.com
Krzysztof Nowak,krzysztof.nowak719@example.com
Maria Wiśniewski,maria.wiśniewski438@example.com
Michał Jankowski,michał.jankowski286@example.com
Tomasz Krawczyk,tomasz.krawczyk251@example.com
Andrzej Zieliński,andrzej.zieliński881@example.com
Agnieszka Wójcik,agnieszka.wójcik683@example.com
Dorota Kwiatkowski,dorota.kwiatkowski244@example.com
Marek Kowalski,marek.kowalski236@example.com
Maria Jankowski,maria.jankowski351@example.com
Katarzyna Kamiński,katarzyna.kamiński613@example.com
Marek Kamiński,marek.kamiński491@example.com
Andrzej Lewandowski,andrzej.lewandowski275@example.com
Anna Wiśniewski,anna.wiśniewski369@example.com
Jan Woźniak,jan.woźniak626@example.com
Paweł Krawczyk,paweł.krawczyk942@example.com
Dorota Kowalski,dorota.kowalski12@example.com
Piotr Krawczyk,piotr.krawczyk853@example.com
Dorota Kozłowski,dorota.kozłowski911@example.com
Jan Wójcik,jan.wójcik981@example.com
Piotr Kowalski,piotr.kowalski368@example.com
Joanna Woźniak,joanna.woźniak80@example.com
Andrzej Krawczyk,andrzej.krawczyk496@example.com
Piotr Wojciechowski,piotr.wojciechowski35@example.com
Joanna Jankowski,joanna.jankowski682@example.com
Katarzyna Woźniak,katarzyna.woźniak316@example.com
Anna Jankowski,anna.jankowski911@example.com
Andrzej Mazur,andrzej.mazur224@example.com
Tomasz Szymański,tomasz.szymański48@example.com
Maria Lewandowski,maria.lewandowski118@example.com
Agnieszka Mazur,agnieszka.mazur163@example.com
Katarzyna Dąbrowski,katarzyna.dąbrowski280@example.com
Joanna Nowak,joanna.nowak54@example.com
Marek Kozłowski,marek.kozłowski617@example.com
Dorota Mazur,dorota.mazur966@example.com
Agnieszka Szymański,agnieszka.szymański327@example.com
Andrzej Zieliński,andrzej.zieliński84@example.com
Jan Kwiatkowski,jan.kwiatkowski369@example.com
Joanna Woźniak,joanna.woźniak780@example.com
Anna Wiśniewski,anna.wiśniewski645@example.com
Jan Dąbrowski,jan.dąbrowski96@example.com
Tomasz Kamiński,tomasz.kamiński831@example.com
Joanna Kamiński,joanna.kamiński395@example.com
Ewa Kamiński,ewa.kamiński959@example.com
Michał Zieliński,michał.zieliński846@example.com
Krzysztof Wiśniewski,krzysztof.wiśniewski671@example.com
Ewa Woźniak,ewa.woźniak670@example.com
Jan Dąbrowski,jan.dąbrowski241@example.com
Joanna Wiśniewski,joanna.wiśniewski69@example.com
Maria Dąbrowski,maria.dąbrowski382@example.com
Dorota Woźniak,dorota.woźniak508@example.com
Dorota Jankowski,dorota.jankowski645@example.com
Maria Nowak,maria.nowak331@example.com
Piotr Mazur,piotr.mazur770@example.com
Małgorzata Kozłowski,małgorzata.kozłowski861@example.com
Dorota Dąbrowski,dorota.dąbrowski201@example.com
Anna Kozłowski,anna.kozłowski328@example.com
Maria Kwiatkowski,maria.kwiatkowski102@example.com
Katarzyna Kowalski,katarzyna.kowalski555@example.com
Tomasz Wojciechowski,tomasz.wojciechowski306@example.com
Marek Wiśniewski,marek.wiśniewski782@example.com
Małgorzata Kowalski,małgorzata.kowalski355@example.com
Małgorzata Nowak,małgorzata.nowak794@example.com
Anna Kozłowski,anna.kozłowski172@example.com
Michał Kamiński,michał.kamiński965@example.com
Maria Woźniak,maria.woźniak779@example.com
Katarzyna Kamiński,katarzyna.kamiński742@example.com
Katarzyna Lewandowski,katarzyna.lewandowski142@example.com
Małgorzata Nowak,małgorzata.nowak181@example.com
Joanna Zieliński,joanna.zieliński934@example.com
Ewa Kozłowski,ewa.kozłowski280@example.com
Maria Mazur,maria.mazur149@example.com
Tomasz Kamiński,tomasz.kamiński233@example.com
Michał Lewandowski,michał.lewandowski496@example.com
Katarzyna Kwiatkowski,katarzyna.kwiatkowski622@example.com
Katarzyna Dąbrowski,katarzyna.dąbrowski624@example.com
Joanna Krawczyk,joanna.krawczyk395@example.com
Jan Krawczyk,jan.krawczyk687@example.com
Maria Mazur,maria.mazur666@example.com
Ewa Kozłowski,ewa.kozłowski798@example.com
Marek Szymański,marek.szymański479@example.com
Agnieszka Woźniak,agnieszka.woźniak631@example.com
Ewa Nowak,ewa.nowak924@example.com
Maria Kozłowski,maria.kozłowski73@example.com
Ewa Kowalski,ewa.kowalski102@example.com
Anna Zieliński,anna.zieliński429@example.com
Jan Dąbrowski,jan.dąbrowski400@example.com
Jan Mazur,jan.mazur286@example.com
Joanna Szymański,joanna.szymański699@example.com
Jan Dąbrowski,jan.dąbrowski645@example.com
Maria Kamiński,maria.kamiński410@example.com
Michał Kowalski,michał.kowalski774@example.com
Piotr Krawczyk,piotr.krawczyk476@example.com
Piotr Lewandowski,piotr.lewandowski815@example.com
Małgorzata Mazur,małgorzata.mazur731@example.com
Michał Lewandowski,michał.lewandowski966@example.com
Małgorzata Woźniak,małgorzata.woźniak68@example.com
Krzysztof Nowak,krzysztof.nowak35@example.com
Jan Wójcik,jan.wójcik356@example.com
Maria Jankowski,maria.jankowski562@example.com
Krzysztof Zieliński,krzysztof.zieliński413@example.com
Michał Nowak,michał.nowak474@example.com
Tomasz Lewandowski,tomasz.lewandowski671@example.com
Ewa Mazur,ewa.mazur784@example.com
Agnieszka Nowak,agnieszka.nowak821@example.com
Małgorzata Krawczyk,małgorzata.krawczyk380@example.com
Anna Kozłowski,anna.kozłowski309@example.com
Małgorzata Zieliński,małgorzata.zieliński130@example.com
Jan Wiśniewski,jan.wiśniewski898@example.com
Małgorzata Kwiatkowski,małgorzata.kwiatkowski490@example.com
Agnieszka Kowalski,agnieszka.kowalski288@example.com
Anna Kwiatkowski,anna.kwiatkowski467@example.com
Anna Wójcik,anna.wójcik97@example.com
Andrzej Mazur,andrzej.mazur104@example.com
Agnieszka Kamiński,agnieszka.kamiński223@example.com
Michał Dąbrowski,michał.dąbrowski876@example.com
Andrzej Zieliński,andrzej.zieliński801@example.com
Anna Zieliński,anna.zieliński832@example.com
Małgorzata Woźniak,małgorzata.woźniak709@example.com
Anna Szymański,anna.szymański107@example.com
Andrzej Wójcik,andrzej.wójcik793@example.com
Tomasz Lewandowski,tomasz.lewandowski492@example.com
Jan Kowalski,jan.kowalski56@example.com
Ewa Wójcik,ewa.wójcik236@example.com
Katarzyna Kwiatkowski,katarzyna.kwiatkowski126@example.com
Michał Mazur,michał.mazur643@example.com
Ewa Kamiński,ewa.kamiński753@example.com
Ewa Zieliński,ewa.zieliński357@example.com
Ewa Kowalski,ewa.kowalski423@example.com
Ewa Woźniak,ewa.woźniak395@example.com
Andrzej Krawczyk,andrzej.krawczyk259@example.com
Maria Wojciechowski,maria.wojciechowski60@example.com
Małgorzata Wiśniewski,małgorzata.wiśniewski349@example.com
Tomasz Wiśniewski,tomasz.wiśniewski736@example.com
Krzysztof Wiśniewski,krzysztof.wiśniewski103@example.com
Tomasz Kamiński,tomasz.kamiński320@example.com
Piotr Zieliński,piotr.zieliński305@example.com
Paweł Jankowski,paweł.jankowski130@example.com
Marek Woźniak,marek.woźniak702@example.com
Joanna Kowalski,joanna.kowalski985@example.com
Agnieszka Szymański,agnieszka.szymański260@example.com
Ewa Krawczyk,ewa.krawczyk180@example.com
Joanna Kamiński,joanna.kamiński304@example.com
Agnieszka Mazur,agnieszka.mazur454@example.com
Krzysztof Kamiński,krzysztof.kamiński613@example.com
Maria Zieliński,maria.zieliński869@example.com
Maria Krawczyk,maria.krawczyk335@example.com
Michał Nowak,michał.nowak368@example.com
Tomasz Dąbrowski,tomasz.dąbrowski998@example.com
Piotr Krawczyk,piotr.krawczyk709@example.com
Andrzej Mazur,andrzej.mazur932@example.com
Andrzej Wiśniewski,andrzej.wiśniewski669@example.com
Paweł Kwiatkowski,paweł.kwiatkowski431@example.com
Agnieszka Zieliński,agnieszka.zieliński919@example.com
Krzysztof Krawczyk,krzysztof.krawczyk566@example.com
Marek Szymański,marek.szymański633@example.com
Małgorzata Kowalski,małgorzata.kowalski331@example.com
Agnieszka Kowalski,agnieszka.kowalski318@example.com
Małgorzata Krawczyk,małgorzata.krawczyk673@example.com
Katarzyna Zieliński,katarzyna.zieliński706@example.com
Anna Krawczyk,anna.krawczyk872@example.com
Anna Kozłowski,anna.kozłowski541@example.com
Tomasz Wójcik,tomasz.wójcik197@example.com
Dorota Wojciechowski,dorota.wojciechowski906@example.com
Joanna Wojciechowski,joanna.wojciechowski278@example.com
Anna Mazur,anna.mazur467@example.com
Paweł Zieliński,paweł.zieliński371@example.com
Katarzyna Dąbrowski,katarzyna.dąbrowski867@example.com
Paweł Woźniak,paweł.woźniak661@example.com
Paweł Kowalski,paweł.kowalski779@example.com
Marek Krawczyk,marek.krawczyk529@example.com
Maria Krawczyk,maria.krawczyk374@example.com
Paweł Kamiński,paweł.kamiński332@example.com
Piotr Nowak,piotr.nowak828@example.com
Anna Szymański,anna.szymański571@example.com
Michał Woźniak,michał.woźniak398@example.com
Paweł Kowalski,paweł.kowalski520@example.com
Agnieszka Woźniak,agnieszka.woźniak387@example.com
Dorota Kowalski,dorota.kowalski415@example.com
Marek Kamiński,marek.kamiński455@example.com
Maria Woźniak,maria.woźniak502@example.com
Agnieszka Szymański,agnieszka.szymański323@example.com
Anna Woźniak,anna.woźniak885@example.com
Piotr Wójcik,piotr.wójcik138@example.com
Piotr Wiśniewski,piotr.wiśniewski379@example.com
Krzysztof Zieliński,krzysztof.zieliński177@example.com
Agnieszka Kamiński,agnieszka.kamiński644@example.com
Michał Wójcik,michał.wójcik389@example.com
Ewa Kamiński,ewa.kamiński290@example.com
Dorota Kamiński,dorota.kamiński210@example.com
Jan Kamiński,jan.kamiński533@example.com
Krzysztof Wiśniewski,krzysztof.wiśniewski830@example.com
Krzysztof Kowalski,krzysztof.kowalski481@example.com
Piotr Dąbrowski,piotr.dąbrowski100@example.com
Agnieszka Szymański,agnieszka.szymański995@example.com
Joanna Kamiński,joanna.kamiński264@example.com
Krzysztof Jankowski,krzysztof.jankowski148@example.com
Anna Lewandowski,anna.lewandowski99@example.com
Małgorzata Dąbrowski,małgorzata.dąbrowski262@example.com
Krzysztof Wójcik,krzysztof.wójcik653@example.com
Marek Kwiatkowski,marek.kwiatkowski675@example.com
Anna Szymański,anna.szymański257@example.com
Małgorzata Wójcik,małgorzata.wójcik710@example.com
Jan Zieliński,jan.zieliński318@example.com
Jan Mazur,jan.mazur560@example.com
Jan Wiśniewski,jan.wiśniewski631@example.com
Marek Kowalski,marek.kowalski66@example.com
Andrzej Dąbrowski,andrzej.dąbrowski194@example.com
Piotr Krawczyk,piotr.krawczyk643@example.com
Ewa Szymański,ewa.szymański699@example.com
Anna Szymański,anna.szymański4@example.com
Michał Woźniak,michał.woźniak185@example.com
Marek Szymański,marek.szymański10@example.com
Krzysztof Woźniak,krzysztof.woźniak193@example.com
Agnieszka Woźniak,agnieszka.woźniak113@example.com
Marek Wojciechowski,marek.wojciechowski677@example.com
Maria Kozłowski,maria.kozłowski145@example.com
Andrzej Lewandowski,andrzej.lewandowski739@example.com
Ewa Wojciechowski,ewa.wojciechowski404@example.com
Piotr Kozłowski,piotr.kozłowski65@example.com
Michał Dąbrowski,michał.dąbrowski136@example.com
Anna Kowalski,anna.kowalski882@example.com
Ewa Mazur,ewa.mazur523@example.com
Joanna Kozłowski,joanna.kozłowski629@example.com
Anna Lewandowski,anna.lewandowski198@example.com
Tomasz Wójcik,tomasz.wójcik378@example.com
Marek Szymański,marek.szymański694@example.com
Ewa Nowak,ewa.nowak479@example.com
Michał Jankowski,michał.jankowski383@example.com
Michał Krawczyk,michał.krawczyk266@example.com
Dorota Wojciechowski,dorota.wojciechowski429@example.com
Maria Kowalski,maria.kowalski292@example.com
Michał Dąbrowski,michał.dąbrowski305@example.com
Anna Wojciechowski,anna.wojciechowski670@example.com
Tomasz Kowalski,tomasz.kowalski294@example.com
Agnieszka Wojciechowski,agnieszka.wojciechowski276@example.com
Joanna Szymański,joanna.szymański762@example.com
Tomasz Jankowski,tomasz.jankowski969@example.com
Katarzyna Woźniak,katarzyna.woźniak333@example.com
Ewa Nowak,ewa.nowak241@example.com
Jan Lewandowski,jan.lewandowski679@example.com
Joanna Nowak,joanna.nowak121@example.com
Katarzyna Dąbrowski,katarzyna.dąbrowski473@example.com
Dorota Zieliński,dorota.zieliński183@example.com
Anna Zieliński,anna.zieliński916@example.com
Paweł Lewandowski,paweł.lewandowski700@example.com
Andrzej Krawczyk,andrzej.krawczyk396@example.com
Ewa Kwiatkowski,ewa.kwiatkowski502@example.com
Paweł Dąbrowski,paweł.dąbrowski377@example.com
Michał Kamiński,michał.kamiński943@example.com
Piotr Wiśniewski,piotr.wiśniewski184@example.com
Piotr Wiśniewski,piotr.wiśniewski565@example.com
Marek Nowak,marek.nowak404@example.com
Krzysztof Woźniak,krzysztof.woźniak920@example.com
Anna Lewandowski,anna.lewandowski884@example.com
Andrzej Wiśniewski,andrzej.wiśniewski809@example.com
Tomasz Wojciechowski,tomasz.wojciechowski921@example.com
Agnieszka Wiśniewski,agnieszka.wiśniewski601@example.com
Dorota Zieliński,dorota.zieliński14@example.com
Agnieszka Krawczyk,agnieszka.krawczyk996@example.com
Marek Jankowski,marek.jankowski253@example.com
Tomasz Kowalski,tomasz.kowalski512@example.com
Krzysztof Kwiatkowski,krzysztof.kwiatkowski930@example.com
Jan Kwiatkowski,jan.kwiatkowski718@example.com
Agnieszka Kowalski,agnieszka.kowalski952@example.com
Agnieszka Szymański,agnieszka.szymański78@example.com
Piotr Wojciechowski,piotr.wojciechowski16@example.com
Anna Kamiński,anna.kamiński397@example.com
Ewa Szymański,ewa.szymański467@example.com
Michał Kamiński,michał.kamiński451@example.com
Jan Lewandowski,jan.lewandowski957@example.com
Marek Krawczyk,marek.krawczyk715@example.com
Małgorzata Wójcik,małgorzata.wójcik870@example.com
Tomasz Mazur,tomasz.mazur902@example.com
Anna Zieliński,anna.zieliński82@example.com
Katarzyna Kozłowski,katarzyna.kozłowski389@example.com
Małgorzata Kamiński,małgorzata.kamiński295@example.com
Michał Dąbrowski,michał.dąbrowski23@example.com
Katarzyna Krawczyk,katarzyna.krawczyk960@example.com
Joanna Mazur,joanna.mazur565@example.com
Joanna Kozłowski,joanna.kozłowski71@example.com
Michał Dąbrowski,michał.dąbrowski487@example.com
Andrzej Kowalski,andrzej.kowalski583@example.com
Jan Szymański,jan.szymański862@example.com
Michał Woźniak,michał.woźniak451@example.com
Anna Kozłowski,anna.kozłowski429@example.com
Ewa Wiśniewski,ewa.wiśniewski244@example.com
Katarzyna Lewandowski,katarzyna.lewandowski539@example.com
Katarzyna Woźniak,katarzyna.woźniak731@example.com
Andrzej Kozłowski,andrzej.kozłowski127@example.com
Dorota Kamiński,dorota.kamiński264@example.com
Małgorzata Krawczyk,małgorzata.krawczyk645@example.com
Joanna Dąbrowski,joanna.dąbrowski497@example.com
Jan Szymański,jan.szymański153@example.com
Krzysztof Kozłowski,krzysztof.kozłowski528@example.com
Maria Dąbrowski,maria.dąbrowski261@example.com
Joanna Kozłowski,joanna.kozłowski875@example.com
Agnieszka Lewandowski,agnieszka.lewandowski745@example.com
Małgorzata Kozłowski,małgorzata.kozłowski429@example.com
Agnieszka Dąbrowski,agnieszka.dąbrowski336@example.com
Piotr Zieliński,piotr.zieliński976@example.com
Katarzyna Lewandowski,katarzyna.lewandowski470@example.com
Piotr Nowak,piotr.nowak913@example.com
Dorota Kozłowski,dorota.kozłowski474@example.com
Tomasz Jankowski,tomasz.jankowski409@example.com
Jan Szymański,jan.szymański407@example.com
Marek Mazur,marek.mazur692@example.com
Paweł Kwiatkowski,paweł.kwiatkowski498@example.com
Maria Zieliński,maria.zieliński457@example.com
Małgorzata Kwiatkowski,małgorzata.kwiatkowski95@example.com
Paweł Mazur,paweł.mazur969@example.com
Piotr Mazur,piotr.mazur606@example.com
Tomasz Zieliński,tomasz.zieliński259@example.com
Agnieszka Kwiatkowski,agnieszka.kwiatkowski748@example.com
Piotr Krawczyk,piotr.krawczyk862@example.com
Michał Woźniak,michał.woźniak663@example.com
Dorota Wojciechowski,dorota.wojciechowski45@example.com
Dorota Nowak,dorota.nowak632@example.com
Agnieszka Mazur,agnieszka.mazur757@example.com
Katarzyna Wiśniewski,katarzyna.wiśniewski651@example.com
Dorota Kamiński,dorota.kamiński844@example.com
Dorota Kozłowski,dorota.kozłowski760@example.com
Paweł Wiśniewski,paweł.wiśniewski487@example.com
Paweł Wójcik,paweł.wójcik731@example.com
Andrzej Kwiatkowski,andrzej.kwiatkowski382@example.com
Tomasz Wójcik,tomasz.wójcik956@example.com
Katarzyna Mazur,katarzyna.mazur199@example.com
Tomasz Wójcik,tomasz.wójcik187@example.com
Andrzej Krawczyk,andrzej.krawczyk689@example.com
Tomasz Nowak,tomasz.nowak732@example.com
Krzysztof Kowalski,krzysztof.kowalski520@example.com
Małgorzata Wiśniewski,małgorzata.wiśniewski30@example.com
Małgorzata Kwiatkowski,małgorzata.kwiatkowski803@example.com
Andrzej Zieliński,andrzej.zieliński981@example.com
Piotr Dąbrowski,piotr.dąbrowski652@example.com
Jan Dąbrowski,jan.dąbrowski864@example.com
Joanna Mazur,joanna.mazur682@example.com
Maria Mazur,maria.mazur837@example.com
Katarzyna Zieliński,katarzyna.zieliński543@example.com
Jan Zieliński,jan.zieliński106@example.com
Małgorzata Jankowski,małgorzata.jankowski121@example.com
Agnieszka Lewandowski,agnieszka.lewandowski877@example.com
Małgorzata Dąbrowski,małgorzata.dąbrowski236@example.com
Marek Kamiński,marek.kamiński936@example.com
Katarzyna Wojciechowski,katarzyna.wojciechowski209@example.com
Tomasz Wójcik,tomasz.wójcik640@example.com
Joanna Wiśniewski,joanna.wiśniewski948@example.com
Dorota Jankowski,dorota.jankowski914@example.com
Piotr Wójcik,piotr.wójcik674@example.com
Jan Wojciechowski,jan.wojciechowski340@example.com
Agnieszka Wiśniewski,agnieszka.wiśniewski494@example.com
Joanna Woźniak,joanna.woźniak544@example.com
Piotr Zieliński,piotr.zieliński691@example.com
Piotr Kamiński,piotr.kamiński334@example.com
Piotr Kowalski,piotr.kowalski291@example.com
Marek Dąbrowski,marek.dąbrowski249@example.com
Agnieszka Jankowski,agnieszka.jankowski587@example.com
Maria Dąbrowski,maria.dąbrowski938@example.com
Andrzej Kowalski,andrzej.kowalski27@example.com
Paweł Nowak,paweł.nowak679@example.com
Jan Woźniak,jan.woźniak167@example.com
Maria Mazur,maria.mazur71@example.com
Krzysztof Wojciechowski,krzysztof.wojciechowski983@example.com
Anna Kamiński,anna.kamiński657@example.com
Anna Wiśniewski,anna.wiśniewski337@example.com
Jan Dąbrowski,jan.dąbrowski823@example.com
Katarzyna Dąbrowski,katarzyna.dąbrowski57@example.com
Anna Wójcik,anna.wójcik455@example.com
Piotr Szymański,piotr.szymański675@example.com
Jan Wojciechowski,jan.wojciechowski648@example.com
Piotr Szymański,piotr.szymański76@example.com
Paweł Lewandowski,paweł.lewandowski531@example.com
Tomasz Szymański,tomasz.szymański548@example.com
Małgorzata Zieliński,małgorzata.zieliński4@example.com
Krzysztof Kwiatkowski,krzysztof.kwiatkowski423@example.com
Anna Nowak,anna.nowak104@example.com
Tomasz Dąbrowski,tomasz.dąbrowski620@example.com
Piotr Wiśniewski,piotr.wiśniewski578@example.com
Katarzyna Zieliński,katarzyna.zieliński935@example.com
Krzysztof Jankowski,krzysztof.jankowski904@example.com
Małgorzata Kozłowski,małgorzata.kozłowski425@example.com
Joanna Kowalski,joanna.kowalski855@example.com
Piotr Wójcik,piotr.wójcik99@example.com
Tomasz Wiśniewski,tomasz.wiśniewski217@example.com
Katarzyna Lewandowski,katarzyna.lewandowski236@example.com
Paweł Woźniak,paweł.woźniak499@example.com
Dorota Kamiński,dorota.kamiński116@example.com
Małgorzata Kowalski,małgorzata.kowalski63@example.com
Dorota Wiśniewski,dorota.wiśniewski716@example.com
Andrzej Woźniak,andrzej.woźniak345@example.com
Anna Woźniak,anna.woźniak279@example.com
Dorota Szymański,dorota.szymański951@example.com
Jan Kwiatkowski,jan.kwiatkowski829@example.com
Katarzyna Wiśniewski,katarzyna.wiśniewski765@example.com
Jan Nowak,jan.nowak722@example.com
Katarzyna Kozłowski,katarzyna.kozłowski368@example.com
Tomasz Kozłowski,tomasz.kozłowski618@example.com
Małgorzata Wiśniewski,małgorzata.wiśniewski87@example.com
Tomasz Kozłowski,tomasz.kozłowski900@example.com
Andrzej Dąbrowski,andrzej.dąbrowski133@example.com
Piotr Wojciechowski,piotr.wojciechowski167@example.com
Michał Lewandowski,michał.lewandowski936@example.com
Paweł Kamiński,paweł.kamiński779@example.com
Michał Kowalski,michał.kowalski705@example.com
Tomasz Kamiński,tomasz.kamiński779@example.com
Jan Szymański,jan.szymański454@example.com
Michał Kozłowski,michał.kozłowski670@example.com
Piotr Wójcik,piotr.wójcik363@example.com
Andrzej Wójcik,andrzej.wójcik933@example.com
Michał Lewandowski,michał.lewandowski512@example.com
Piotr Woźniak,piotr.woźniak429@example.com
Dorota Kozłowski,dorota.kozłowski518@example.com
Krzysztof Woźniak,krzysztof.woźniak558@example.com
Anna Nowak,anna.nowak893@example.com
Piotr Nowak,piotr.nowak33@example.com
Katarzyna Mazur,katarzyna.mazur178@example.com
Michał Wojciechowski,michał.wojciechowski840@example.com
Małgorzata Jankowski,małgorzata.jankowski751@example.com
Jan Kwiatkowski,jan.kwiatkowski266@example.com
Paweł Woźniak,paweł.woźniak836@example.com
Ewa Szymański,ewa.szymański332@example.com
Piotr Mazur,piotr.mazur307@example.com
Agnieszka Wojciechowski,agnieszka.wojciechowski29@example.com
Paweł Kamiński,paweł.kamiński678@example.com
Dorota Wójcik,dorota.wójcik905@example.com
Małgorzata Kozłowski,małgorzata.kozłowski341@example.com
Maria Kamiński,maria.kamiński651@example.com
Maria Mazur,maria.mazur959@example.com
Marek Lewandowski,marek.lewandowski287@example.com
Michał Lewandowski,michał.lewandowski66@example.com
Joanna Kozłowski,joanna.kozłowski672@example.com
Paweł Wojciechowski,paweł.wojciechowski746@example.com
Paweł Kwiatkowski,paweł.kwiatkowski17@example.com
Paweł Kowalski,paweł.kowalski646@example.com
Tomasz Kamiński,tomasz.kamiński484@example.com
Joanna Kowalski,joanna.kowalski135@example.com
Agnieszka Jankowski,agnieszka.jankowski303@example.com
Katarzyna Wiśniewski,katarzyna.wiśniewski596@example.com
Krzysztof Szymański,krzysztof.szymański360@example.com
Ewa Woźniak,ewa.woźniak344@example.com
Jan Kowalski,jan.kowalski443@example.com
Katarzyna Wójcik,katarzyna.wójcik855@example.com
Małgorzata Wojciechowski,małgorzata.wojciechowski888@example.com
Ewa Lewandowski,ewa.lewandowski421@example.com
Katarzyna Krawczyk,katarzyna.krawczyk393@example.com
Ewa Kamiński,ewa.kamiński599@example.com
Michał Krawczyk,michał.krawczyk810@example.com
Krzysztof Kowalski,krzysztof.kowalski578@example.com
Joanna Woźniak,joanna.woźniak608@example.com
Agnieszka Woźniak,agnieszka.woźniak381@example.com
Ewa Zieliński,ewa.zieliński925@example.com
Agnieszka Szymański,agnieszka.szymański955@example.com
Jan Nowak,jan.nowak357@example.com
Piotr Lewandowski,piotr.lewandowski665@example.com
Maria Szymański,maria.szymański811@example.com
Dorota Szymański,dorota.szymański459@example.com
Agnieszka Wojciechowski,agnieszka.wojciechowski659@example.com
Joanna Jankowski,joanna.jankowski305@example.com
Agnieszka Nowak,agnieszka.nowak239@example.com
Michał Nowak,michał.nowak627@example.com
Marek Szymański,marek.szymański433@example.com
Tomasz Dąbrowski,tomasz.dąbrowski175@example.com
Maria Wojciechowski,maria.wojciechowski502@example.com
Marek Zieliński,marek.zieliński631@example.com
Anna Jankowski,anna.jankowski782@example.com
Agnieszka Szymański,agnieszka.szymański959@example.com
Marek Wiśniewski,marek.wiśniewski21@example.com
Piotr Woźniak,piotr.woźniak559@example.com
Paweł Mazur,paweł.mazur737@example.com
Tomasz Wójcik,tomasz.wójcik116@example.com
Agnieszka Kamiński,agnieszka.kamiński919@example.com
Dorota Dąbrowski,dorota.dąbrowski978@example.com
Ewa Jankowski,ewa.jankowski996@example.com
Jan Kozłowski,jan.kozłowski717@example.com
Michał Kamiński,michał.kamiński231@example.com
Maria Kamiński,maria.kamiński727@example.com
Anna Wiśniewski,anna.wiśniewski295@example.com
Maria Jankowski,maria.jankowski426@example.com
Dorota Kozłowski,dorota.kozłowski70@example.com
Tomasz Wojciechowski,tomasz.wojciechowski849@example.com
Marek Wiśniewski,marek.wiśniewski706@example.com
Małgorzata Wojciechowski,małgorzata.wojciechowski295@example.com
Agnieszka Kamiński,agnieszka.kamiński964@example.com
Joanna Wojciechowski,joanna.wojciechowski911@example.com
Paweł Kwiatkowski,paweł.kwiatkowski315@example.com
Joanna Wiśniewski,joanna.wiśniewski660@example.com
Michał Wiśniewski,michał.wiśniewski590@example.com
Maria Szymański,maria.szymański690@example.com
Andrzej Szymański,andrzej.szymański950@example.com
Agnieszka Szymański,agnieszka.szymański236@example.com
Krzysztof Dąbrowski,krzysztof.dąbrowski561@example.com
Tomasz Nowak,tomasz.nowak254@example.com
Michał Wiśniewski,michał.wiśniewski333@example.com
Krzysztof Dąbrowski,krzysztof.dąbrowski273@example.com
Michał Lewandowski,michał.lewandowski819@example.com
Jan Jankowski,jan.jankowski763@example.com
Michał Kamiński,michał.kamiński504@example.com
Joanna Krawczyk,joanna.krawczyk672@example.com
Maria Jankowski,maria.jankowski695@example.com
Krzysztof Zieliński,krzysztof.zieliński616@example.com
Agnieszka Lewandowski,agnieszka.lewandowski487@example.com
Joanna Lewandowski,joanna.lewandowski78@example.com
Małgorzata Jankowski,małgorzata.jankowski622@example.com
Andrzej Dąbrowski,andrzej.dąbrowski840@example.com
Piotr Wojciechowski,piotr.wojciechowski88@example.com
Dorota Krawczyk,dorota.krawczyk921@example.com
Andrzej Kamiński,andrzej.kamiński745@example.com
Agnieszka Kozłowski,agnieszka.kozłowski86@example.com
Maria Nowak,maria.nowak533@example.com
Andrzej Kozłowski,andrzej.kozłowski685@example.com
Anna Kowalski,anna.kowalski575@example.com
Paweł Krawczyk,paweł.krawczyk974@example.com
Andrzej Kowalski,andrzej.kowalski548@example.com
Jan Kowalski,jan.kowalski31@example.com
Katarzyna Woźniak,katarzyna.woźniak306@example.com
Tomasz Szymański,tomasz.szymański263@example.com
Ewa Wiśniewski,ewa.wiśniewski939@example.com
Krzysztof Wójcik,krzysztof.wójcik181@example.com
Piotr Nowak,piotr.nowak821@example.com
Małgorzata Kowalski,małgorzata.kowalski719@example.com
Ewa Zieliński,ewa.zieliński686@example.com
Paweł Mazur,paweł.mazur593@example.com
Tomasz Jankowski,tomasz.jankowski865@example.com
Agnieszka Kowalski,agnieszka.kowalski647@example.com
Michał Kwiatkowski,michał.kwiatkowski566@example.com
Ewa Mazur,ewa.mazur789@example.com
Małgorzata Wójcik,małgorzata.wójcik989@example.com
Piotr Wójcik,piotr.wójcik598@example.com
Michał Szymański,michał.szymański919@example.com
Tomasz Lewandowski,tomasz.lewandowski721@example.com
Jan Kamiński,jan.kamiński874@example.com
Joanna Jankowski,joanna.jankowski478@example.com
Anna Wiśniewski,anna.wiśniewski293@example.com
Maria Szymański,maria.szymański227@example.com
Joanna Lewandowski,joanna.lewandowski680@example.com
Andrzej Kwiatkowski,andrzej.kwiatkowski876@example.com
Andrzej Woźniak,andrzej.woźniak510@example.com
Maria Zieliński,maria.zieliński785@example.com
Dorota Wojciechowski,dorota.wojciechowski352@example.com
Anna Lewandowski,anna.lewandowski129@example.com
Marek Wiśniewski,marek.wiśniewski326@example.com
Jan Woźniak,jan.woźniak997@example.com
Tomasz Zieliński,tomasz.zieliński608@example.com
Małgorzata Wojciechowski,małgorzata.wojciechowski939@example.com
Tomasz Dąbrowski,tomasz.dąbrowski212@example.com
Katarzyna Nowak,katarzyna.nowak632@example.com
Piotr Lewandowski,piotr.lewandowski367@example.com
Andrzej Lewandowski,andrzej.lewandowski526@example.com
Michał Szymański,michał.szymański489@example.com
Jan Kwiatkowski,jan.kwiatkowski328@example.com
Ewa Kamiński,ewa.kamiński346@example.com
Marek Wojciechowski,marek.wojciechowski500@example.com
Marek Zieliński,marek.zieliński778@example.com
Małgorzata Lewandowski,małgorzata.lewandowski498@example.com
Agnieszka Wiśniewski,agnieszka.wiśniewski952@example.com
Andrzej Lewandowski,andrzej.lewandowski560@example.com
Maria Kwiatkowski,maria.kwiatkowski491@example.com
Andrzej Wiśniewski,andrzej.wiśniewski111@example.com
Katarzyna Jankowski,katarzyna.jankowski644@example.com
Maria Kowalski,maria.kowalski915@example.com
Michał Nowak,michał.nowak104@example.com
Ewa Zieliński,ewa.zieliński692@example.com
Marek Zieliński,marek.zieliński425@example.com
Dorota Krawczyk,dorota.krawczyk612@example.com
Joanna Kwiatkowski,joanna.kwiatkowski16@example.com
Dorota Nowak,dorota.nowak843@example.com
Andrzej Kozłowski,andrzej.kozłowski74@example.com
Krzysztof Kowalski,krzysztof.kowalski572@example.com
Anna Kowalski,anna.kowalski710@example.com
Agnieszka Jankowski,agnieszka.jankowski42@example.com
Andrzej Kozłowski,andrzej.kozłowski684@example.com
Andrzej Lewandowski,andrzej.lewandowski18@example.com
Piotr Lewandowski,piotr.lewandowski327@example.com
Michał Zieliński,michał.zieliński313@example.com
Dorota Wójcik,dorota.wójcik210@example.com
Tomasz Lewandowski,tomasz.lewandowski104@example.com
Krzysztof Wiśniewski,krzysztof.wiśniewski750@example.com
Agnieszka Wójcik,agnieszka.wójcik283@example.com
Paweł Szymański,paweł.szymański153@example.com
Jan Woźniak,jan.woźniak750@example.com
Paweł Mazur,paweł.mazur999@example.com
Dorota Mazur,dorota.mazur957@example.com
Katarzyna Dąbrowski,katarzyna.dąbrowski318@example.com
Anna Jankowski,anna.jankowski890@example.com
Tomasz Jankowski,tomasz.jankowski165@example.com
Paweł Kowalski,paweł.kowalski952@example.com
Paweł Szymański,paweł.szymański683@example.com
Anna Kowalski,anna.kowalski507@example.com
Jan Wiśniewski,jan.wiśniewski121@example.com
Agnieszka Krawczyk,agnieszka.krawczyk42@example.com
Andrzej Kowalski,andrzej.kowalski159@example.com
Paweł Kowalski,paweł.kowalski796@example.com
Paweł Wojciechowski,paweł.wojciechowski827@example.com
Katarzyna Dąbrowski,katarzyna.dąbrowski8@example.com
Tomasz Dąbrowski,tomasz.dąbrowski223@example.com
Michał Kowalski,michał.kowalski230@example.com
Michał Wiśniewski,michał.wiśniewski16@example.com
Marek Wójcik,marek.wójcik121@example.com
Tomasz Kwiatkowski,tomasz.kwiatkowski936@example.com
Małgorzata Wojciechowski,małgorzata.wojciechowski665@example.com
Piotr Kozłowski,piotr.kozłowski179@example.com
Michał Mazur,michał.mazur18@example.com
Ewa Jankowski,ewa.jankowski566@example.com
Dorota Kozłowski,dorota.kozłowski557@example.com
Małgorzata Jankowski,małgorzata.jankowski642@example.com
Tomasz Nowak,tomasz.nowak881@example.com
Tomasz Wójcik,tomasz.wójcik104@example.com
Małgorzata Jankowski,małgorzata.jankowski686@example.com
Tomasz Kowalski,tomasz.kowalski542@example.com
Tomasz Kozłowski,tomasz.kozłowski820@example.com
Michał Wójcik,michał.wójcik451@example.com
Maria Kozłowski,maria.kozłowski350@example.com
Krzysztof Kozłowski,krzysztof.kozłowski788@example.com
Anna Lewandowski,anna.lewandowski672@example.com
Agnieszka Kamiński,agnieszka.kamiński839@example.com
Andrzej Nowak,andrzej.nowak322@example.com
Andrzej Mazur,andrzej.mazur918@example.com
Ewa Nowak,ewa.nowak897@example.com
Małgorzata Wiśniewski,małgorzata.wiśniewski21@example.com
Agnieszka Nowak,agnieszka.nowak719@example.com
Krzysztof Wiśniewski,krzysztof.wiśniewski220@example.com
Tomasz Mazur,tomasz.mazur605@example.com
Paweł Wiśniewski,paweł.wiśniewski180@example.com
Agnieszka Wójcik,agnieszka.wójcik580@example.com
Jan Szymański,jan.szymański478@example.com
Marek Szymański,marek.szymański503@example.com
Krzysztof Dąbrowski,krzysztof.dąbrowski437@example.com
Marek Wójcik,marek.wójcik218@example.com
Katarzyna Kamiński,katarzyna.kamiński137@example.com
Małgorzata Szymański,małgorzata.szymański971@example.com
Joanna Szymański,joanna.szymański378@example.com
Michał Kowalski,michał.kowalski105@example.com
Jan Zieliński,jan.zieliński123@example.com
Katarzyna Wiśniewski,katarzyna.wiśniewski191@example.com
Ewa Wojciechowski,ewa.wojciechowski537@example.com
Jan Wójcik,jan.wójcik889@example.com
Ewa Wiśniewski,ewa.wiśniewski277@example.com
Marek Jankowski,marek.jankowski453@example.com
Anna Woźniak,anna.woźniak396@example.com
Marek Kowalski,marek.kowalski705@example.com
Jan Lewandowski,jan.lewandowski696@example.com
Tomasz Kowalski,tomasz.kowalski714@example.com
Małgorzata Kozłowski,małgorzata.kozłowski664@example.com
Joanna Lewandowski,joanna.lewandowski61@example.com
Joanna Woźniak,joanna.woźniak223@example.com
Anna Szymański,anna.szymański526@example.com
Katarzyna Wójcik,katarzyna.wójcik244@example.com
Maria Wiśniewski,maria.wiśniewski318@example.com
Anna Wójcik,anna.wójcik737@example.com
Marek Lewandowski,marek.lewandowski620@example.com
Krzysztof Nowak,krzysztof.nowak221@example.com
Jan Krawczyk,jan.krawczyk276@example.com
Joanna Kamiński,joanna.kamiński975@example.com
Andrzej Mazur,andrzej.mazur862@example.com
Krzysztof Dąbrowski,krzysztof.dąbrowski673@example.com
Dorota Zieliński,dorota.zieliński137@example.com
Krzysztof Woźniak,krzysztof.woźniak214@example.com
Piotr Kowalski,piotr.kowalski139@example.com
Katarzyna Krawczyk,katarzyna.krawczyk487@example.com
Anna Lewandowski,anna.lewandowski317@example.com
Małgorzata Kwiatkowski,małgorzata.kwiatkowski658@example.com
Paweł Nowak,paweł.nowak759@example.com
Agnieszka Krawczyk,agnieszka.krawczyk70@example.com
Jan Zieliński,jan.zieliński157@example.com
Marek Woźniak,marek.woźniak210@example.com
Joanna Jankowski,joanna.jankowski446@example.com
Marek Zieliński,marek.zieliński499@example.com
Krzysztof Mazur,krzysztof.mazur549@example.com
Tomasz Wojciechowski,tomasz.wojciechowski719@example.com
Krzysztof Wiśniewski,krzysztof.wiśniewski770@example.com
Krzysztof Szymański,krzysztof.szymański60@example.com
Jan Krawczyk,jan.krawczyk248@example.com
Andrzej Nowak,andrzej.nowak898@example.com
Ewa Jankowski,ewa.jankowski557@example.com
Katarzyna Wiśniewski,katarzyna.wiśniewski393@example.com
Krzysztof Wójcik,krzysztof.wójcik285@example.com
Jan Kamiński,jan.kamiński751@example.com
Jan Wojciechowski,jan.wojciechowski696@example.com
Katarzyna Wiśniewski,katarzyna.wiśniewski268@example.com
Michał Krawczyk,michał.krawczyk115@example.com
Dorota Zieliński,dorota.zieliński523@example.com
Katarzyna Nowak,katarzyna.nowak315@example.com
Krzysztof Kamiński,krzysztof.kamiński658@example.com
Anna Kamiński,anna.kamiński652@example.com
Joanna Mazur,joanna.mazur667@example.com
Ewa Jankowski,ewa.jankowski3@example.com
Michał Nowak,michał.nowak939@example.com
Paweł Zieliński,paweł.zieliński798@example.com
Paweł Kwiatkowski,paweł.kwiatkowski124@example.com
Andrzej Lewandowski,andrzej.lewandowski657@example.com
Maria Wiśniewski,maria.wiśniewski827@example.com
Anna Kamiński,anna.kamiński267@example.com
Krzysztof Wiśniewski,krzysztof.wiśniewski85@example.com
Joanna Kamiński,joanna.kamiński518@example.com
Andrzej Szymański,andrzej.szymański11@example.com
Marek Woźniak,marek.woźniak665@example.com
Maria Woźniak,maria.woźniak330@example.com
Andrzej Wiśniewski,andrzej.wiśniewski759@example.com
Katarzyna Wójcik,katarzyna.wójcik210@example.com
Małgorzata Kamiński,małgorzata.kamiński8@example.com
Małgorzata Dąbrowski,małgorzata.dąbrowski101@example.com
Andrzej Krawczyk,andrzej.krawczyk167@example.com
Maria Zieliński,maria.zieliński554@example.com
Ewa Dąbrowski,ewa.dąbrowski430@example.com
Piotr Kwiatkowski,piotr.kwiatkowski545@example.com
Dorota Krawczyk,dorota.krawczyk641@example.com
Joanna Kowalski,joanna.kowalski6@example.com
Krzysztof Krawczyk,krzysztof.krawczyk704@example.com
Agnieszka Jankowski,agnieszka.jankowski794@example.com
Małgorzata Dąbrowski,małgorzata.dąbrowski762@example.com
Agnieszka Wójcik,agnieszka.wójcik527@example.com
Dorota Kowalski,dorota.kowalski387@example.com
Joanna Nowak,joanna.nowak939@example.com
Maria Krawczyk,maria.krawczyk211@example.com
Paweł Wiśniewski,paweł.wiśniewski328@example.com
Ewa Kozłowski,ewa.kozłowski795@example.com
Katarzyna Kwiatkowski,katarzyna.kwiatkowski851@example.com
Agnieszka Dąbrowski,agnieszka.dąbrowski864@example.com
Andrzej Jankowski,andrzej.jankowski77@example.com
Dorota Lewandowski,dorota.lewandowski848@example.com
Dorota Nowak,dorota.nowak542@example.com
Paweł Wojciechowski,paweł.wojciechowski836@example.com
Katarzyna Krawczyk,katarzyna.krawczyk626@example.com
Małgorzata Wojciechowski,małgorzata.wojciechowski134@example.com
Jan Wiśniewski,jan.wiśniewski826@example.com
Tomasz Kwiatkowski,tomasz.kwiatkowski577@example.com
Jan Dąbrowski,jan.dąbrowski702@example.com
Anna Wojciechowski,anna.wojciechowski328@example.com
Piotr Lewandowski,piotr.lewandowski803@example.com
Maria Jankowski,maria.jankowski143@example.com
Piotr Woźniak,piotr.woźniak276@example.com
Katarzyna Kamiński,katarzyna.kamiński850@example.com
Marek Kowalski,marek.kowalski787@example.com
Andrzej Nowak,andrzej.nowak629@example.com
Małgorzata Wiśniewski,małgorzata.wiśniewski450@example.com
Krzysztof Zieliński,krzysztof.zieliński298@example.com
Joanna Zieliński,joanna.zieliński619@example.com
Małgorzata Dąbrowski,małgorzata.dąbrowski949@example.com
Krzysztof Wójcik,krzysztof.wójcik682@example.com
Ewa Jankowski,ewa.jankowski48@example.com
Marek Mazur,marek.mazur988@example.com
Dorota Mazur,dorota.mazur90@example.com
Michał Wójcik,michał.wójcik937@example.com
Paweł Kwiatkowski,paweł.kwiatkowski433@example.com
Maria Szymański,maria.szymański21@example.com
Andrzej Szymański,andrzej.szymański652@example.com
Katarzyna Woźniak,katarzyna.woźniak704@example.com
Andrzej Nowak,andrzej.nowak202@example.com
Katarzyna Szymański,katarzyna.szymański875@example.com
Katarzyna Szymański,katarzyna.szymański119@example.com
Jan Kowalski,jan.kowalski373@example.com
Piotr Nowak,piotr.nowak188@example.com
Anna Mazur,anna.mazur509@example.com
Maria Wójcik,maria.wójcik741@example.com
Dorota Kozłowski,dorota.kozłowski50@example.com
Jan Mazur,jan.mazur110@example.com
Agnieszka Nowak,agnieszka.nowak40@example.com
Joanna Lewandowski,joanna.lewandowski522@example.com
Dorota Kamiński,dorota.kamiński785@example.com
Michał Krawczyk,michał.krawczyk238@example.com
Małgorzata Zieliński,małgorzata.zieliński979@example.com
Agnieszka Kowalski,agnieszka.kowalski237@example.com
Andrzej Kwiatkowski,andrzej.kwiatkowski939@example.com
Dorota Dąbrowski,dorota.dąbrowski609@example.com
Paweł Kamiński,paweł.kamiński872@example.com
Piotr Dąbrowski,piotr.dąbrowski761@example.com
Anna Szymański,anna.szymański345@example.com
Michał Dąbrowski,michał.dąbrowski197@example.com
Andrzej Lewandowski,andrzej.lewandowski72@example.com
Andrzej Kwiatkowski,andrzej.kwiatkowski119@example.com
Paweł Nowak,paweł.nowak873@example.com
Agnieszka Kowalski,agnieszka.kowalski24@example.com
Maria Dąbrowski,maria.dąbrowski515@example.com
Paweł Kozłowski,paweł.kozłowski753@example.com
Jan Wojciechowski,jan.wojciechowski873@example.com
Marek Jankowski,marek.jankowski101@example.com
Piotr Wójcik,piotr.wójcik468@example.com
Jan Kowalski,jan.kowalski771@example.com
Anna Nowak,anna.nowak726@example.com
Jan Dąbrowski,jan.dąbrowski213@example.com
Piotr Zieliński,piotr.zieliński76@example.com
Maria Jankowski,maria.jankowski731@example.com
Krzysztof Lewandowski,krzysztof.lewandowski974@example.com
Ewa Kowalski,ewa.kowalski848@example.com
Dorota Dąbrowski,dorota.dąbrowski976@example.com
Marek Wojciechowski,marek.wojciechowski344@example.com
Tomasz Szymański,tomasz.szymański374@example.com
Paweł Woźniak,paweł.woźniak359@example.com
Ewa Wojciechowski,ewa.wojciechowski607@example.com
Joanna Kwiatkowski,joanna.kwiatkowski602@example.com
Michał Kozłowski,michał.kozłowski873@example.com
Ewa Mazur,ewa.mazur153@example.com
Maria Dąbrowski,maria.dąbrowski513@example.com
Maria Zieliński,maria.zieliński62@example.com
Maria Wojciechowski,maria.wojciechowski819@example.com
Joanna Wojciechowski,joanna.wojciechowski401@example.com
Andrzej Lewandowski,andrzej.lewandowski559@example.com
Piotr Wójcik,piotr.wójcik714@example.com
Marek Kwiatkowski,marek.kwiatkowski507@example.com
Michał Zieliński,michał.zieliński654@example.com
Andrzej Lewandowski,andrzej.lewandowski313@example.com
Andrzej Woźniak,andrzej.woźniak45@example.com
Krzysztof Nowak,krzysztof.nowak304@example.com
Michał Wojciechowski,michał.wojciechowski841@example.com
Piotr Kowalski,piotr.kowalski356@example.com
Paweł Zieliński,paweł.zieliński19@example.com
Krzysztof Krawczyk,krzysztof.krawczyk359@example.com
Dorota Wójcik,dorota.wójcik470@example.com
Agnieszka Jankowski,agnieszka.jankowski284@example.com
Michał Wojciechowski,michał.wojciechowski599@example.com
Michał Krawczyk,michał.krawczyk672@example.com
Michał Kwiatkowski,michał.kwiatkowski142@example.com
Katarzyna Krawczyk,katarzyna.krawczyk443@example.com
Agnieszka Krawczyk,agnieszka.krawczyk693@example.com
Anna Kozłowski,anna.kozłowski366@example.com
Agnieszka Zieliński,agnieszka.zieliński865@example.com
Jan Szymański,jan.szymański335@example.com
Dorota Dąbrowski,dorota.dąbrowski635@example.com
Piotr Lewandowski,piotr.lewandowski513@example.com
Jan Szymański,jan.szymański416@example.com
Joanna Nowak,joanna.nowak104@example.com
Jan Kozłowski,jan.kozłowski829@example.com
Dorota Woźniak,dorota.woźniak320@example.com
Piotr Wójcik,piotr.wójcik91@example.com
Małgorzata Nowak,małgorzata.nowak523@example.com
Jan Jankowski,jan.jankowski184@example.com
Małgorzata Kamiński,małgorzata.kamiński725@example.com
Piotr Zieliński,piotr.zieliński486@example.com
Krzysztof Kozłowski,krzysztof.kozłowski995@example.com
Andrzej Wójcik,andrzej.wójcik627@example.com
Krzysztof Wójcik,krzysztof.wójcik896@example.com
Dorota Zieliński,dorota.zieliński474@example.com
Marek Wiśniewski,marek.wiśniewski621@example.com
Dorota Kozłowski,dorota.kozłowski547@example.com
Andrzej Wójcik,andrzej.wójcik781@example.com
Tomasz Dąbrowski,tomasz.dąbrowski204@example.com
Ewa Kowalski,ewa.kowalski728@example.com
Andrzej Kwiatkowski,andrzej.kwiatkowski170@example.com
Joanna Szymański,joanna.szymański191@example.com
Maria Nowak,maria.nowak216@example.com
Piotr Kowalski,piotr.kowalski35@example.com
Dorota Kozłowski,dorota.kozłowski764@example.com
Katarzyna Nowak,katarzyna.nowak648@example.com
Jan Woźniak,jan.woźniak456@example.com
Joanna Zieliński,joanna.zieliński38@example.com
Paweł Kamiński,paweł.kamiński566@example.com
Dorota Kwiatkowski,dorota.kwiatkowski631@example.com
Paweł Dąbrowski,paweł.dąbrowski770@example.com
Joanna Lewandowski,joanna.lewandowski279@example.com
Joanna Krawczyk,joanna.krawczyk859@example.com
Tomasz Jankowski,tomasz.jankowski557@example.com
Katarzyna Jankowski,katarzyna.jankowski465@example.com
Piotr Zieliński,piotr.zieliński488@example.com
Agnieszka Wiśniewski,agnieszka.wiśniewski987@example.com
Dorota Wojciechowski,dorota.wojciechowski930@example.com
Maria Kozłowski,maria.kozłowski341@example.com
Dorota Jankowski,dorota.jankowski753@example.com
Ewa Wojciechowski,ewa.wojciechowski570@example.com
Katarzyna Kwiatkowski,katarzyna.kwiatkowski53@example.com
Piotr Kowalski,piotr.kowalski625@example.com
Piotr Nowak,piotr.nowak428@example.com
Ewa Zieliński,ewa.zieliński459@example.com
Agnieszka Szymański,agnieszka.szymański35@example.com
Joanna Wójcik,joanna.wójcik553@example.com
Marek Mazur,marek.mazur751@example.com
Tomasz Kowalski,tomasz.kowalski204@example.com
Krzysztof Szymański,krzysztof.szymański93@example.com
Paweł Nowak,paweł.nowak985@example.com
Ewa Wójcik,ewa.wójcik603@example.com
Katarzyna Kowalski,katarzyna.kowalski469@example.com
Agnieszka Wójcik,agnieszka.wójcik715@example.com
Joanna Kamiński,joanna.kamiński881@example.com
Joanna Dąbrowski,joanna.dąbrowski559@example.com
Ewa Wiśniewski,ewa.wiśniewski343@example.com
Agnieszka Krawczyk,agnieszka.krawczyk970@example.com
Małgorzata Wojciechowski,małgorzata.wojciechowski581@example.com
Maria Wiśniewski,maria.wiśniewski464@example.com
Małgorzata Kwiatkowski,małgorzata.kwiatkowski973@example.com
Paweł Lewandowski,paweł.lewandowski170@example.com
Maria Mazur,maria.mazur329@example.com
Paweł Kowalski,paweł.kowalski334@example.com
Michał Nowak,michał.nowak193@example.com
Piotr Wójcik,piotr.wójcik504@example.com
Krzysztof Woźniak,krzysztof.woźniak881@example.com
Joanna Kozłowski,joanna.kozłowski637@example.com
Andrzej Dąbrowski,andrzej.dąbrowski751@example.com
Marek Kowalski,marek.kowalski758@example.com
Tomasz Kwiatkowski,tomasz.kwiatkowski865@example.com
Marek Wojciechowski,marek.wojciechowski656@example.com
Maria Kowalski,maria.kowalski370@example.com
Jan Nowak,jan.nowak874@example.com
Katarzyna Dąbrowski,katarzyna.dąbrowski38@example.com
Marek Jankowski,marek.jankowski531@example.com
Małgorzata Szymański,małgorzata.szymański311@example.com
Ewa Wiśniewski,ewa.wiśniewski945@example.com
Ewa Zieliński,ewa.zieliński710@example.com
Dorota Szymański,dorota.szymański815@example.com
Tomasz Lewandowski,tomasz.lewandowski481@example.com
Andrzej Jankowski,andrzej.jankowski435@example.com
Andrzej Kowalski,andrzej.kowalski447@example.com
Małgorzata Kowalski,małgorzata.kowalski825@example.com
Maria Wojciechowski,maria.wojciechowski362@example.com
Krzysztof Woźniak,krzysztof.woźniak176@example.com
Michał Lewandowski,michał.lewandowski519@example.com
Katarzyna Woźniak,katarzyna.woźniak901@example.com
Jan Wójcik,jan.wójcik623@example.com
Michał Wiśniewski,michał.wiśniewski203@example.com
Paweł Kowalski,paweł.kowalski599@example.com
Krzysztof Lewandowski,krzysztof.lewandowski896@example.com
Katarzyna Wiśniewski,katarzyna.wiśniewski389@example.com
Paweł Kwiatkowski,paweł.kwiatkowski350@example.com
Michał Zieliński,michał.zieliński481@example.com
Joanna Woźniak,joanna.woźniak894@example.com
Anna Kozłowski,anna.kozłowski688@example.com
Krzysztof Nowak,krzysztof.nowak905@example.com
Krzysztof Kwiatkowski,krzysztof.kwiatkowski533@example.com
Paweł Krawczyk,paweł.krawczyk903@example.com
Maria Kwiatkowski,maria.kwiatkowski157@example.com
Maria Krawczyk,maria.krawczyk520@example.com
Dorota Mazur,dorota.mazur562@example.com
Paweł Wojciechowski,paweł.wojciechowski167@example.com
Piotr Wiśniewski,piotr.wiśniewski906@example.com
Michał Woźniak,michał.woźniak961@example.com
Joanna Lewandowski,joanna.lewandowski312@example.com
Dorota Wiśniewski,dorota.wiśniewski769@example.com
Maria Woźniak,maria.woźniak450@example.com
Agnieszka Nowak,agnieszka.nowak692@example.com
Michał Szymański,michał.szymański782@example.com
Maria Kowalski,maria.kowalski233@example.com
Maria Lewandowski,maria.lewandowski81@example.com
Dorota Lewandowski,dorota.lewandowski135@example.com
Ewa Wiśniewski,ewa.wiśniewski390@example.com
Ewa Lewandowski,ewa.lewandowski715@example.com
Agnieszka Zieliński,agnieszka.zieliński497@example.com
Marek Szymański,marek.szymański33@example.com
Krzysztof Kozłowski,krzysztof.kozłowski987@example.com
Joanna Kowalski,joanna.kowalski567@example.com
Michał Kowalski,michał.kowalski721@example.com
Małgorzata Jankowski,małgorzata.jankowski526@example.com
Katarzyna Dąbrowski,katarzyna.dąbrowski590@example.com
Marek Kwiatkowski,marek.kwiatkowski294@example.com
Michał Nowak,michał.nowak677@example.com
Michał Zieliński,michał.zieliński941@example.com
Katarzyna Kowalski,katarzyna.kowalski834@example.com
Anna Woźniak,anna.woźniak40@example.com
Piotr Wojciechowski,piotr.wojciechowski936@example.com
Michał Kowalski,michał.kowalski329@example.com
Jan Lewandowski,jan.lewandowski680@example.com
Anna Mazur,anna.mazur451@example.com
Joanna Wiśniewski,joanna.wiśniewski969@example.com
Anna Dąbrowski,anna.dąbrowski670@example.com
Joanna Wojciechowski,joanna.wojciechowski573@example.com
Andrzej Kozłowski,andrzej.kozłowski669@example.com
Dorota Dąbrowski,dorota.dąbrowski604@example.com
Katarzyna Nowak,katarzyna.nowak980@example.com
Marek Jankowski,marek.jankowski246@example.com
Agnieszka Kwiatkowski,agnieszka.kwiatkowski767@example.com
Dorota Nowak,dorota.nowak519@example.com
Jan Kowalski,jan.kowalski184@example.com
Anna Jankowski,anna.jankowski35@example.com
Katarzyna Mazur,katarzyna.mazur119@example.com
Ewa Wojciechowski,ewa.wojciechowski317@example.com
Agnieszka Wojciechowski,agnieszka.wojciechowski516@example.com
Michał Kozłowski,michał.kozłowski946@example.com
Paweł Kowalski,paweł.kowalski971@example.com
Michał Mazur,michał.mazur885@example.com
Marek Jankowski,marek.jankowski122@example.com
Piotr Krawczyk,piotr.krawczyk513@example.com
Marek Dąbrowski,marek.dąbrowski297@example.com
Małgorzata Wiśniewski,małgorzata.wiśniewski85@example.com
Dorota Nowak,dorota.nowak468@example.com
Jan Zieliński,jan.zieliński130@example.com
Małgorzata Wojciechowski,małgorzata.wojciechowski404@example.com
Piotr Kozłowski,piotr.kozłowski529@example.com
Agnieszka Nowak,agnieszka.nowak159@example.com
Michał Woźniak,michał.woźniak379@example.com
Marek Krawczyk,marek.krawczyk155@example.com
Dorota Woźniak,dorota.woźniak314@example.com
Katarzyna Lewandowski,katarzyna.lewandowski397@example.com
Marek Wojciechowski,marek.wojciechowski342@example.com
Tomasz Lewandowski,tomasz.lewandowski584@example.com
Agnieszka Kwiatkowski,agnieszka.kwiatkowski561@example.com
Piotr Kowalski,piotr.kowalski327@example.com
Maria Kwiatkowski,maria.kwiatkowski774@example.com
Krzysztof Woźniak,krzysztof.woźniak772@example.com
Tomasz Wójcik,tomasz.wójcik399@example.com
Marek Nowak,marek.nowak65@example.com
Michał Wiśniewski,michał.wiśniewski760@example.com
Katarzyna Wiśniewski,katarzyna.wiśniewski770@example.com
Ewa Lewandowski,ewa.lewandowski394@example.com
Katarzyna Mazur,katarzyna.mazur483@example.com
Marek Wojciechowski,marek.wojciechowski150@example.com
Anna Krawczyk,anna.krawczyk52@example.com
Jan Kozłowski,jan.kozłowski7@example.com
Krzysztof Lewandowski,krzysztof.lewandowski229@example.com
Paweł Kwiatkowski,paweł.kwiatkowski429@example.com
Małgorzata Kowalski,małgorzata.kowalski532@example.com
